playerID,year,tmID,minutes,points,oRebounds,dRebounds,assists,steals,blocks,turnovers,PF,fgAttempted,fgMade,ftAttempted,ftMade,threeMade
abrossv01w,2,MIN,390.61023018819424,196.43083254913404,27.75122049156773,56.611697206742456,13.488690157159013,17.82355124436684,16.329895715175365,31.460180617392943,54.64135912996158,167.29768222421185,78.04736375634742,43.97504633849531,33.656748538848625,5.08817420997633
aldrima01w,2,WAS,200.13805579868023,57.41236395374517,8.938387332006966,17.737538648876384,25.66564795132666,7.450956434512685,4.012685184672086,22.46396406526714,26.042765369951532,50.481346724336774,25.98359975398072,23.80532792523364,8.263223788033098,4.979513208022917
alhalta01w,2,ORL,592.7088626559706,309.33029834495983,21.58520319166023,50.4057076465841,46.25666949781162,25.095804539741337,9.300193749436854,35.38893818976893,51.643485660998806,258.8091181703601,102.56065520853872,41.379581384229944,38.30833012631108,30.940465053862237
amachma01w,2,NYL,248.6486452364128,98.10029455288966,13.783847657797741,30.910376220260627,6.259001566584558,7.154096884343364,9.930192490252221,15.606995653492476,42.957251803459435,94.08714950567489,46.584675873781244,16.094674518178564,14.440897556318845,8.929989584135733
anderke01w,2,CHA,456.8167686903468,133.91941096894195,21.327406969380533,43.811819408667105,54.251341087699494,24.72035528645128,4.528651475180604,42.639964857510925,43.9165199947758,108.86041902560783,51.65254145276408,36.98798212373086,28.930021959428252,6.01824294796796
andrame01w,2,CLE,642.4433283110499,209.24295900367068,26.827973934586307,52.428230320332844,61.173253650942755,36.068848244265126,8.240678227042551,51.32926368715946,74.90040845016154,161.07371265281094,72.18243791884285,63.88985801456974,47.057803031147984,22.380127171050912
arcaija01w,2,HOU,827.3525961438152,237.73490035643056,33.37581302406356,75.8444925236036,53.73298023229932,37.02185953948211,4.7244113586320475,47.59341850313632,60.56548869748196,203.25845584277937,95.90366727436029,42.826470195474094,38.05184463203268,8.028587691225741
askamma01w,2,MIA,708.710504995133,190.9661038619104,68.82526457423234,100.89534615274326,28.637962616545728,16.187586599966714,15.134978623174273,38.99507258675589,74.04308173984008,176.68729609920587,71.00179143395154,81.94964011754884,58.37170449798204,3.440896208889747
azzije01w,2,UTA,522.8660447405606,142.99832775194042,5.902835078749423,35.81935258310624,82.86180365014312,14.029545560893451,4.680870087791794,27.009486002312666,38.74178980069936,111.85510898277374,49.8117173012144,42.334597107793165,38.19017396499894,10.61540742480766
badertr01w,2,CLE,95.50570325566758,31.6392476195104,3.649273921258537,7.883539903558514,13.982262549160296,11.66900298765249,2.07987833921623,9.80481660396563,6.3936500281717485,43.28168763581469,18.20227299046575,5.039905250395769,2.0946518949532447,4.487091026832766
baranel01w,2,MIA,453.89710314202773,235.30691476286756,41.04137957037386,84.27342027888983,16.14647919092999,15.261634895027985,22.29050464001002,36.64214283821607,66.40902035441886,202.51528285383975,91.04851338199047,63.62299642653558,53.70105195344091,4.7665732192844255
barksla01w,2,POR,345.04731254699004,140.2046711474313,6.634959301449033,32.34129077029459,39.95887331783924,16.4188796332922,4.008397620030033,28.03730706926811,30.882015330175868,137.8476121683998,40.942348966260866,27.788150448026474,20.342465150428513,16.46370386014244
barnead01w,2,CLE,-10.90380172072065,-4.101876993795656,0.09761019971255536,1.7621207885276178,7.79173799735123,-0.700873677014048,0.1609026842368575,0.3165639823653379,-10.248180515303105,1.4308574389590945,-1.0581487841192185,4.485509947924143,-0.3447651472729234,0.7102536213408523
barnequ01w,2,SEA,579.9546308417264,168.39796776287474,22.765877051872998,50.594719091598606,28.07627870152467,17.424047257554946,28.115268356970905,47.94269674807899,87.1914313108986,183.18285592683662,74.16629571432405,42.22421465391813,23.84426298805767,3.1851792264172802
bauerca01w,2,WAS,446.25318026222743,142.4912779623898,22.80040817452152,57.499997282851396,16.683469974733548,14.751591594788408,18.669525712303116,37.03611784541077,56.08094665799274,147.6700968757382,66.51529921222375,31.047208698152122,26.623622564840502,2.514247400344952
beviltu01w,2,POR,674.7020656127406,122.7880300110173,18.147833027993496,62.65173660437462,67.21238486618796,32.657589333502436,5.1180591954237435,53.08971404795969,76.7020696717808,88.24981716788075,35.449978880904304,58.65012428915898,45.9175831576876,12.196284007136246
blackde01w,2,MIA,709.6449104400532,148.06496416794133,21.49843765863528,61.956163363782,85.51622214174523,52.99212777834957,2.3979043907066826,43.592855612382564,76.91196469608451,137.43159001544325,53.23869825305045,38.55069496587318,25.085665406205106,8.270228673424672
blodgci01w,2,SAC,51.41469832337458,29.33939990058252,3.4681956689713402,6.832903702952635,2.207078170570874,3.3186109311550602,1.6835111950805768,6.376755575723173,2.9905081153089625,37.94148418898071,14.359829430811828,7.859838330476201,4.77372934785145,4.50945270973008
boltoru01w,2,SAC,687.6218640826362,298.6676880454525,35.53217984036898,50.45116829298521,46.11536080781995,26.99148381289514,1.9631624356129995,36.63854931044874,49.35201843944095,291.3133323007989,95.17770265701338,66.8306638181436,49.9489147682623,40.01555089598623
boydca01w,2,DET,324.42994166247047,116.00378114837135,18.439189311779412,37.181763057820305,8.729503404789583,7.599187524497678,13.881901739964775,24.833960452897465,50.27038457946034,92.80171876830582,48.06069374561541,20.22021504825242,17.455284460110928,3.7354492774788355
brazian01w,2,IND,208.57698699664837,63.225436763242755,10.47509495958478,15.341834911723033,22.19665297087708,6.912914577291659,-0.29700516043805436,15.436263468222013,19.4466042206652,40.66272803558239,22.928734419109517,20.022992240302266,14.277272630512456,2.4788645039177677
bristre01w,2,CHA,544.808803433764,189.77589064996556,19.10001946646459,46.5653506170237,30.3546570207694,28.43492687216572,7.104011439546861,30.167543997308428,59.244265845401245,160.84799302961054,64.82842722029191,32.18652526666973,26.636639348367716,19.791294381231243
brondsa01w,2,MIA,470.8220823206975,159.84237012681967,8.340004128505617,36.40580265190963,59.48909632434491,20.644247362161337,5.014929332191757,32.678143231633356,37.89117909703148,165.9609149785796,60.765977307678774,40.2682036306627,45.237096836093954,33.10560264292793
browned01w,2,DET,454.37331352449183,152.93913715342256,29.818322339393546,48.7456522767419,58.23127946779286,21.03517480508875,5.629199768928325,52.605470899476906,58.69085324208046,138.54396052141027,48.18112609105814,60.12203953499254,55.24695686164647,2.120298066199938
brownru01w,2,CLE,511.18556414881584,191.99353249743794,39.67340893975684,54.212450330952905,33.54919513633983,29.697688164614963,8.933111259376401,41.19037346647418,61.321783080833136,150.75433469427864,67.5997682262081,56.142637383781,51.74167134348419,4.074018361631012
brumfma01w,2,MIA,480.20960536354414,115.92452141972467,21.416220844089633,34.874529018880885,36.81887249950067,17.94546271998369,4.107347072601433,32.17703389796188,51.056694935412736,102.02663351491233,41.69526499311857,43.10005982060072,29.030249940003984,3.7056129171417407
bullevi01w,2,WAS,896.071096511026,285.54869890968024,48.5124162475862,98.46625377637777,36.73155648470044,53.65157168315995,38.24424112283844,47.19153562938944,70.3864429684905,248.11028616980371,113.23956564050718,47.32432165225957,36.56075044896672,10.71030622662914
burgean01w,2,WAS,287.38918094429897,135.02633075720797,15.262023192746557,48.20569192731706,7.425830011821567,6.294453271732298,18.90426396543286,32.550467490668474,45.903655719446455,132.86147385351637,52.77839331240499,43.023657088926676,37.011686270453964,7.76157679944648
burraal01w,2,POR,275.1222907491939,124.73059352737064,16.0632308642826,41.8460593346359,6.22102370667632,5.839245281478119,4.890384064541862,30.136704943560296,28.68170983481651,96.15674396072392,58.34328221455171,34.547186286332426,26.105651847677766,1.503635505046983
burseja01w,2,MIN,452.2159614641707,164.40514045370136,25.928296933268854,51.66935919575482,20.21803134882985,6.743313790287653,18.481944303645232,31.987147349628568,63.336256396690764,143.9672395468945,69.87287953411686,53.91166173960806,32.37193116119706,1.0115875301135109
byearla01w,2,LAS,384.079052419381,175.44929643171045,27.606330302555047,52.45867197275895,24.132510718996024,22.683201387218272,4.036139403945459,22.77582832896268,46.906777601609456,121.59013134985639,56.72368076855304,46.584643397475965,35.28826775087587,4.9777115604595314
campbed01w,2,SAC,528.2519000311512,192.78563437411458,11.624801119737278,32.55338383528305,42.58085824245001,18.122540151762017,4.113826105765731,36.25345327440538,37.418469694818704,189.91470352261723,73.36211199705983,53.47842269143384,42.19696370558665,15.145845207707065
cantydo01w,2,DET,624.4835676442788,213.7588525949853,26.50374515963184,36.08414469891409,68.4847698390594,40.77757785212186,4.664494151147483,41.815043678720144,51.00634134930492,168.07226423966205,70.57340591275268,103.51588905703719,72.41635946668495,0.9287903802573894
clearmi01w,2,PHO,456.820138803125,79.84834255540189,16.030852861497998,26.750227764575968,62.293393392396766,29.663917373505868,3.7926633116992656,12.711731395429616,31.898672763823797,63.4950484296146,27.951459592454285,33.472086870301325,25.097181795201188,9.509288569599386
clinest01w,2,SAC,247.6223189909726,65.84359709410182,10.069242274187552,22.67891996842387,42.01046626636891,7.509026168703375,1.437305834843981,23.49248291598037,13.426382978969137,50.140272107250226,25.86818883757323,18.5269981720984,14.153987128313748,11.060794631891882
colleka01w,2,MIA,691.9048616884724,221.31558999357594,14.003738588820307,42.89569917837173,41.273813186709084,22.05748706777728,6.326442028189684,50.47380532595055,49.81556169886861,239.95814633152634,83.47404859216053,54.62325616530484,43.097073398826886,3.943932896706162
consuca01w,2,UTA,469.86502138790877,139.66470123051903,6.311455464684553,34.74598245678157,34.290815731919,17.4448114766197,1.9874032896974212,28.618083630164673,43.17563579541405,150.89893185562545,45.22902549646459,27.034584854579233,25.42529925446652,20.336281608480327
coopeca01w,2,NYL,350.44980797149736,131.00941298436862,20.83582364301206,36.634454711643194,13.666828204708938,5.580348710189334,15.459007174777366,24.18314834050217,52.913095089109305,103.18596377116997,50.39163537003781,40.20173388304032,27.011676279348606,0.15738253445927342
crawlsy01w,2,POR,686.5282196449499,269.06630688014155,43.5554126925942,89.45130073512254,26.223575221736297,22.08714770963969,18.72598689273277,64.00701982753556,73.08516228547782,235.22136343322944,109.50822085641126,67.70165880935487,50.97966651277596,3.345143341066745
daleygr01w,2,NYL,475.9403847555821,135.21251992560607,24.88796982866375,38.953303530909714,47.930126024099835,13.770181015633078,2.4537753102715696,43.26998067636918,44.236986927271744,125.57398963830866,50.60250159218998,49.26513533404525,30.954344439017596,13.987464525769312
darlihe01w,2,CLE,491.5865935189813,142.08743237656344,20.8240800576413,39.45093023398178,58.08080309731349,33.021370913998076,5.200848032376802,56.22115819706885,47.74570279226687,131.25470042946856,42.85857976017927,55.07125372691568,39.54441500190777,11.698620862086674
dickeke01w,2,UTA,422.2424865437607,113.03671949634204,21.18443292872713,75.7895038098094,34.01873627285309,21.140056697311778,5.582696644177217,39.343284879168365,57.266506419763886,120.1384355022793,57.66820277217629,40.75365303952271,24.36844651822236,2.8978232528978785
dixonta01w,2,LAS,682.2495129094248,246.11163649395607,26.100742692355826,59.52104887770675,76.16636356805361,31.67121775061455,9.440105993641648,46.28132105562096,73.25174186101812,234.65434620586674,102.04318791927199,56.38817718773479,46.707359608676576,11.342382308450563
dossaci01w,2,ORL,601.8072658927493,170.90181766802777,23.72028933256145,70.9062893722748,28.99585437138925,12.628367600916246,51.083710379091116,38.36576641521134,85.08232931077498,167.6547486677163,68.86627112897298,41.98381860975266,31.003313324995148,1.9376817312198593
douglka01w,2,ORL,296.9848605613772,116.42489749511401,8.708370698265286,27.177330884082952,17.886989286743187,9.193194845228152,3.589374696214409,22.76725532397426,26.640712924291268,120.01747054994914,39.804122550144584,22.987769340175575,18.692772171657637,10.971015751913761
dydekma01w,2,UTA,640.9578722625631,240.26215155136936,24.681890831358253,120.45603040513998,49.13978957651158,17.24690290494096,77.12863719510148,66.30374183818131,96.49584572787342,202.5880636257205,86.40945091139542,81.44300933719163,66.4350989121188,3.1053965112410635
edwarmi01w,2,SEA,572.9051264070639,210.9960857180191,14.827366697765024,40.69109489565203,52.54370095610195,19.88861842929195,4.898850511705658,41.9153021056417,43.05574152807066,185.78290387186325,79.27189933218123,51.184929847721556,38.20586972597283,12.05650790825924
edwarsi01w,2,SEA,482.80513949502756,158.5084483040698,27.859903631675273,53.525325743679176,17.471135975545995,13.965707025991847,5.853335465411296,32.04384443940613,42.82981756752287,144.94457242462428,63.60956590328124,56.73420758704666,38.44826768208646,2.032696086547837
edwarto01w,2,CHA,478.0232638975963,165.7146904927934,10.586221116744575,41.09137245571683,34.32376284603166,20.562648346489766,3.9178733629912728,33.3014876199756,39.39496614207716,170.05883611139717,58.644436862707245,55.26262181955216,42.597145630472866,18.262073690253025
edwarto01w,2,PHO,680.2736733468397,247.75985636857575,14.251959281180781,43.87038021206268,39.771658301756844,25.87791298115203,7.2806722020381915,45.00590571114093,59.587628153536535,231.10420943656945,84.01758595877726,74.61387197992167,55.30961682860729,25.488565776814742
enissh01w,2,CHA,304.8026359112822,118.65397500894963,16.37595526770023,19.681793262015347,13.241996641201432,10.119437940728073,1.046776350827959,12.466879943511174,24.985515340465547,81.79100115605755,34.50664728016546,54.261178165767205,39.04962685003906,9.511082808117374
erbsu01w,2,CHA,202.6924951218843,72.12196872280148,18.627232572035265,27.629028839184134,11.084426153899923,9.18150940895967,4.501082912422241,11.500875047726609,50.68399342387517,60.64581707784163,25.242190316209673,35.19882200590525,23.106347469500506,2.6337330178294867
fallotr01w,2,PHO,185.63802531664328,91.11279960416962,11.520015241754528,25.504099006092623,-0.8033640690778228,5.739815268591668,6.559091690825522,13.394801814305936,36.12393334306219,90.57777316071444,39.62462446883527,14.555667486714675,13.249999699382556,7.7009650054537655
farriba01w,2,DET,89.4024161386152,38.61339646487585,7.205072026000948,5.087336235840915,10.27142478551977,7.0600277179872695,-0.09706148168702278,10.167620351178861,12.242699948428388,25.608026543901417,10.793828956081342,27.95756034078103,15.925729333104549,2.8341334580042687
feastal01w,2,CHA,290.2838215825335,115.36356088828214,22.70577522373041,27.807761776278344,19.238043626327617,16.3190997233506,2.2251788331525217,21.47316710444435,30.94080172895675,104.1817990251341,39.15796989827129,42.42792017083587,37.93676745067363,12.153906471761298
ferdima01w,2,UTA,370.56885699684653,119.15460433979074,5.377745571008074,32.39882429423146,38.38731057014451,11.490557756391286,1.4052593453310216,25.99611931688559,34.50091875570303,112.01102571628117,35.60996232311115,23.68147798003363,20.823139314082105,17.133714627256047
figgsuk01w,2,LAS,601.3129291531386,158.0765640838077,11.593072799124698,31.619632492542987,97.58955156979364,18.01884944483032,2.881692708501679,32.485074099259265,41.69904049893496,120.34556931753944,51.19626495637696,46.156105879796996,38.798619357948034,23.3171698379155
folklkr01w,2,POR,504.6198562173891,200.34206450006351,25.44804982838683,79.96816781818102,43.801021719744746,17.162822904300455,13.979491727098047,31.265699210839585,45.21329605268249,175.35509870967212,77.99576352080445,62.31767167266098,41.69430248241536,6.449367145936861
fordki01w,2,MIA,287.773483504056,68.20227324878948,24.979974930381076,29.182794345744483,17.84399253387447,22.78179022321711,2.4036442636671493,19.547006643190947,48.37462270975364,77.40305980656782,25.550479595991987,47.046317527954756,28.983153381533562,-0.15876150987386417
fordst01w,2,NYL,780.8000550750876,373.22882656752233,61.04758491109457,114.55050798069064,30.65888739319744,36.94145959776809,25.18523067101757,56.50689565063696,88.46015213263203,310.8875586133597,130.61771805717274,108.78304328710881,80.89497336194748,8.706510673754668
frettla01w,2,SAC,284.6505400563465,66.82426782556774,17.47873683364496,23.494616889248128,9.487950105257973,11.280457184865293,7.5537876947212865,18.86990009177617,24.91330499119559,73.97022253991344,25.85170407476469,23.17799907062849,18.18712275461466,0.33117715437864703
gibsoke01w,2,HOU,-8.018092022068345,15.132291280928229,3.213868688829262,7.448835866914322,-2.7782412539988144,-3.056518422146951,2.194898321945277,0.12243777139006795,-2.2728777376086455,16.574337173496076,1.4705748676668478,6.657678521514896,3.8099357309426054,-1.230070164785566
gilloje01w,2,PHO,656.4577794404481,295.8069894136962,25.54739602430024,66.15415975526906,39.06445118943679,18.233542218879634,24.05138631968091,45.09076691008473,74.16513895382937,262.03221809299544,110.04709675723106,82.92043169064948,61.262378266507966,15.745817850188644
goodsad01w,2,UTA,774.4957896881335,396.26367515375887,51.58522711937694,76.83629223332083,53.59630655199969,33.65672944731866,4.675425337890565,62.752124448182634,55.55342038861428,341.2291753017246,153.74917372625202,101.06789485992218,74.47920181328942,7.978737665074837
grginve01w,2,LAS,168.54964489422218,86.04217013635662,9.895291002691055,12.809630308739877,22.441325338495062,6.796712520643878,0.7752194734188089,12.353936971354983,8.478132939148253,77.87234794489441,29.808104000490992,25.78595113695381,15.448365294264352,5.14375080784476
griffyo01w,2,SAC,763.2841523817816,394.73912570166135,104.37946437281987,133.8257610273448,36.55264336684573,65.23972568756969,45.284826646995874,56.14419683798522,79.60049901705352,271.0459913648913,145.43439097401586,132.5690363707521,96.88590330526222,1.6894844088285819
groomla01w,2,SAC,283.8058574033664,93.72847603676531,22.417396794754552,16.18951069232196,7.920578200168798,5.871604931870797,3.413479245025483,15.72849015720572,14.270040376881546,56.773157055443534,26.708422357253205,48.79873088488416,34.30398196990951,-2.9393268406567827
grubigo01w,2,IND,527.1339050736842,163.45782939119294,13.99451235104625,36.094703905273356,40.88760231827408,23.152357746107246,-0.0721539206002415,41.459825599882045,34.53342674991436,173.21730169820447,61.035431850900984,32.18315393347196,22.569844688570438,22.699323194376824
hallvi01w,2,CLE,473.5817022548499,119.33298945283835,18.489246512127757,56.866269152799084,18.443602959103846,14.306765379370002,7.087320303392875,20.462095269254746,52.42999662400901,122.38202648991872,47.65219508717927,29.86974311924686,18.957097747416736,8.07441714900482
hallvi01w,2,IND,400.2604927448797,110.76391062004004,19.901347444835594,51.049137601603164,18.694924583563967,14.633979336272475,6.9327699730335395,17.75508837019822,42.12473442613123,113.23371698481884,39.742547776433156,25.74038455388798,16.36982062601693,6.476814822583082
hammobe01w,2,NYL,676.4813245766702,282.9864564454832,16.061993257809856,38.24890612880662,48.6248522533387,24.95448004106573,1.9071660625448645,48.07784786917286,46.331016732891065,205.52764716461212,97.76449975654182,52.13424799220614,44.275004963361795,42.94324871001676
harrili01w,2,PHO,611.8126151184501,179.00619039979765,31.085086886483523,72.44682913635363,31.331830179430103,25.3888523585971,3.293266095442754,21.3062020348558,54.8637982741853,125.43885451198736,66.32214509539858,34.07385138115193,28.79548419029354,7.66906513589157
harrokr01w,2,MIN,262.1054955866267,98.66189047701329,14.793272277116584,32.82615560866633,7.39491197960886,8.11220793152072,11.088449338707566,17.00634518055934,45.09756219175789,97.61481401023937,45.89884920328265,19.732695635947497,15.008238392899948,8.848903680394207
hendene01w,2,HOU,386.19143412740567,204.36169666858996,8.599076536852081,33.57817641841331,47.53214734674209,21.682759213985154,5.475983420482601,25.87071634301755,30.763674677076782,151.52298496877924,47.29517528157799,38.609484053283836,29.854207492947808,25.222698288493277
henniso01w,2,SEA,788.9321753589905,137.63739029859576,18.487247351068017,53.51207153751441,68.42787533368873,52.79044839425492,2.9498304216727904,44.62891567485482,62.14453501282331,122.99894712855694,44.99028348058003,50.72411687599462,33.298841573304394,21.092083901408305
herriam01w,2,UTA,233.1158535167229,62.44834154566054,19.128151525785306,19.233847079663278,16.641909296679664,7.8012128494781425,2.0020293317530946,20.95873786116455,23.973863073489643,51.83149806968987,27.30281540279846,24.47099952290074,15.20952448302235,1.8547908487907474
hicksje01w,2,ORL,101.08357894019434,35.693508381253196,-0.20606113007012894,0.2824535849356522,3.99113829641243,1.3867579143243063,3.1849793788312475,11.679104034055896,15.594243425155973,19.229154849217835,8.24451313477664,20.859657827470617,12.675566997791837,1.4178634179421454
hillec01w,2,PHO,225.0114141630932,53.66748641256831,11.029578768311268,21.373963988372395,28.75637635632591,12.130221999957902,2.4342946428048915,25.10917284112611,22.14219491784477,87.5013388800989,24.879814320170517,23.32525096174405,18.262081184103348,7.279032943250016
hledeko01w,2,UTA,698.4443231374705,241.1093436567673,22.4041980667233,55.53508097908479,73.99504785150214,31.17247780640667,4.362604531416698,58.914761519709444,67.8552561026079,215.69436410040123,96.12229431689303,54.364870923970194,40.44980586347125,21.9115946787753
holdsch01w,2,WAS,881.370041089527,450.5888591482701,42.510682344481566,142.18529149578404,60.70864778663553,36.144717734139945,11.865307974472138,69.24414922336581,57.56824380294134,401.8086144293042,184.0960678679948,93.82737354174483,63.195970295781464,8.33783308558848
hollake01w,2,SAC,760.741590764459,244.5704737689882,23.645692169886363,39.02002723013962,70.13600660427899,35.800700358236284,3.494804424438339,59.4190872777248,57.208098140528065,213.66717976398206,91.64319892522394,52.949975256361725,37.470414677116395,34.5158304530523
iveyni01w,2,IND,384.9686338661301,173.26512664852166,7.935865464332329,30.515069901982308,37.19648092187491,20.059600121346552,5.596071036450937,19.436536657767057,33.1760693553854,144.08339206248056,45.439717765039234,41.39821762282067,35.86620148927473,23.349084992968656
jacksla01w,2,SEA,324.0718918582996,140.82108720028876,16.874733612809912,53.67612142782365,7.011745660864612,7.325152645734262,11.282228362121032,34.62865843695933,49.43703441108006,137.20227869013604,54.62860211491156,44.6354583993467,35.59777087841201,8.149802934441553
jacksta01w,2,HOU,258.9841459948534,65.76572721557469,14.10171020093308,30.27759903270467,13.413231831240626,7.371716979302381,5.170680496876764,18.430852916984712,41.537835026282536,48.7265163345282,23.13208454232828,11.268408938928637,5.2034598374314385,2.0969341955609533
jacksta02w,2,POR,266.9002781601452,111.13581390818015,9.634956193158072,26.782695607693825,36.64346110985909,18.05255793927965,1.858908541725147,30.627446860871352,24.813698507743123,99.62359943960718,40.083077963916566,36.683575102814146,27.474003564946663,13.174336349024106
johnsja01w,2,ORL,313.4881890504244,151.43134301510656,15.376451012491728,31.93912484659637,14.650715232303078,8.718981482066555,12.114196718623456,23.940572076462313,47.95120945308333,129.09510728613654,53.30603415756505,28.928268019122026,19.165712030419066,3.2418090820919065
johnsla01w,2,UTA,449.7040463051889,126.42997091216799,12.084341107950166,33.296567123948094,24.73355549417061,10.877359837201736,3.2163873331004877,30.44134737534122,52.39003025372285,114.85251560644498,50.2709432561163,36.232375619191316,23.003580276996377,10.564298831379777
johnspo01w,2,CLE,-22.385362299957478,-14.677239636371809,-3.1033943028742037,-4.3938605996286455,4.12426059675154,1.791122865831511,-2.683870431244875,1.003273560685237,-8.358551518552346,-17.516268914314963,-8.778802829944127,1.7955705505581179,2.218631750053781,1.2355893162760179
johnssh01w,2,ORL,918.895148494453,310.0732684519299,42.60650060446147,80.54440264265338,132.99331660298202,45.80282829442442,5.696798042891659,77.92241642811084,66.94652888037669,268.024915181566,106.27088565510061,106.26346586757126,78.53742553629831,26.342936027620233
johnsti01w,2,HOU,531.5773279180514,82.22193960288698,44.51405540475624,68.64723480475628,11.10412472352061,10.559292152466341,11.584419832552603,12.126616618018215,67.67973412096867,81.57320692986704,39.89894175686702,39.79782458086567,26.92718460803509,1.2046268614677693
johnsvi01w,2,NYL,824.665801043792,297.89285160182686,34.20240368102612,80.18330348594881,59.955088580267144,17.804089132133445,3.8566557117107854,45.363237922964984,44.57831817598493,268.8764400507819,113.42135722245517,61.407993825505514,53.97821480688622,21.815070375356484
jonesme01w,2,CLE,756.7936475136426,288.7003526618847,43.53884529746844,73.98450335734522,51.55186569427093,23.796490222685943,2.6188745814507994,45.452286781710036,72.56160380829103,269.64362692720914,127.62714522535944,36.42222030015956,26.764168135572632,10.634279180884405
kingija01w,2,DET,324.42994166247047,116.00378114837135,18.439189311779412,37.181763057820305,8.729503404789583,7.599187524497678,13.881901739964775,24.833960452897465,50.27038457946034,92.80171876830582,48.06069374561541,20.22021504825242,17.455284460110928,3.7354492774788355
korstil01w,2,PHO,185.63802531664328,91.11279960416962,11.520015241754528,25.504099006092623,-0.8033640690778228,5.739815268591668,6.559091690825522,13.394801814305936,36.12393334306219,90.57777316071444,39.62462446883527,14.555667486714675,13.249999699382556,7.7009650054537655
kubikni01w,2,PHO,-62.93298038215437,10.696418351091097,3.8192353395540692,6.381919945065938,-2.6020696381260464,-3.336835581905394,3.0611286549197887,-0.34164292492317827,-6.0167579738596615,-5.762968862758498,5.8954855530506265,2.0797043129901596,2.6270576124467624,1.0214644717774135
lassiam01w,2,HOU,360.82561583472415,181.29356755664796,29.04638884465042,52.762284033295735,20.063833177452274,20.420291399251344,14.199095041732878,28.041007763316095,53.08820468338048,166.64384271386487,70.6861966688815,32.664568275954174,25.56540863925657,7.725764378777202
lazicka01w,2,NYL,248.6486452364128,98.10029455288966,13.783847657797741,30.910376220260627,6.259001566584558,7.154096884343364,9.930192490252221,15.606995653492476,42.957251803459435,94.08714950567489,46.584675873781244,16.094674518178564,14.440897556318845,8.929989584135733
lennobe01w,2,MIN,778.8001408943,425.46539602861736,41.833217904812656,104.90722790671347,66.95965826034767,44.18627101702251,7.449142974606323,70.82801629298689,91.02742753275851,370.8185245445186,153.72800594527854,79.01977807270305,63.974065741916796,46.87748638591578
leslili01w,2,LAS,788.2737320675049,438.2563455969781,57.79823213180193,176.4231432205358,46.16249484758407,25.899982595466813,61.23348754513765,76.74714740685349,105.42206190429388,342.74746885446615,150.13187519551803,156.14232601882662,130.40029277689186,6.262904777331032
levanni01w,2,LAS,438.01316538090987,167.30076548485556,11.767748604499605,38.55305820191661,31.57702189833126,23.955884369674116,5.077857263975745,25.676080043395437,44.42328069189021,137.36420851782896,61.848572165595314,34.98699480800941,33.19870201356977,17.42243981534999
lewisty01w,2,HOU,391.79279854837404,171.4196434910696,11.437948360683714,35.797082570326474,32.245748837186895,17.59767596554706,5.432031382221733,25.860426216011668,39.3602165923699,148.62279864892918,52.73779277465762,40.29828742764619,30.14926914215665,17.976699281743137
lobore01w,2,NYL,627.4334111650247,312.9237890463586,36.42742303437536,81.28685824217389,18.361288061961826,17.57060280159499,22.72661496729159,43.4432382849215,76.3531767049332,245.34724363720147,116.6822018032251,65.91545658973831,45.63566556049683,1.9092720867646271
lovelst01w,2,SEA,191.75105011289577,73.6021467850585,9.354977993363962,20.932469207142326,14.295459983817537,9.105216906938278,-0.6718151008698392,25.078358889582525,24.80668501142416,62.682279349143855,21.871124404103064,23.100116977185394,17.531484355322537,3.2453885563606972
luckepa01w,2,PHO,263.3514867325025,159.1583752673853,24.68970558785417,47.500043297019886,8.056758861429905,12.699139110978582,9.568719958262502,22.603744643434176,41.90896829435916,143.8641214990837,60.647184011253955,26.285999135807135,21.836873420981725,9.677351040675044
luzhe01w,2,WAS,287.38918094429897,135.02633075720797,15.262023192746557,48.20569192731706,7.425830011821567,6.294453271732298,18.90426396543286,32.550467490668474,45.903655719446455,132.86147385351637,52.77839331240499,43.023657088926676,37.011686270453964,7.76157679944648
mabikmw01w,2,LAS,707.3698133603561,291.67332164659075,35.494060213607966,102.86097009921212,73.3178500892829,46.28648792634027,12.252261534083674,37.52068838965228,86.9899687853202,265.83593506196564,100.62609682051388,58.52420379004045,47.721096191989005,49.507854372030735
machacl01w,2,CHA,344.22733817597765,106.27426687380276,20.57970791051771,49.02821296693145,21.117947582385874,8.718306652909803,4.343933786395403,20.18535952916101,60.37410343655133,89.11017384311077,46.18260960628069,37.258611746321954,25.118882990730683,1.45311470559375
malcona01w,2,IND,370.08144233757093,212.9656515521561,25.893402536996735,58.308553164683644,20.05358817089489,19.84517230657233,11.904831892061942,28.932588439092065,52.643467624668055,174.05731887154974,76.19285830342984,39.6980050483788,37.05780042267978,10.068190748298466
mapprh01w,2,LAS,527.5860067954934,222.5362733112766,41.13179277161919,90.29849047333119,36.82097768754481,22.40337625085692,17.739393468890924,36.156070210915146,66.03944169809971,175.81529660217078,78.73886193135831,54.59161481146202,43.24210750665564,4.926036589096119
marcimi01w,2,SEA,538.6961874463254,170.5084769505786,11.542069222268177,35.570060562666484,59.70612469927316,31.556622352781996,4.110327134095299,52.64773425846053,64.404238657408,156.14881458707706,55.973223968012256,63.70259577234948,38.93656488810161,21.21008676531243
martima01w,2,MIN,367.4524778385803,103.22846269365121,16.531889876606268,33.710740613119235,17.31401263725353,13.371337020883413,10.07304128648186,21.32599485828946,61.41804038180966,90.30506206612188,37.591274894760986,23.06142899512422,17.0165011749015,4.324455564177811
maxwemo01w,2,IND,766.9766221480202,259.629948827676,32.262134440567316,93.49118918810044,50.091130980936505,38.132495543184696,11.0860409258532,46.42957394659031,70.27020166915449,218.92600327772624,83.11805501894227,44.45432439714433,39.30974627370982,51.67853632574154
mccaiti01w,2,ORL,110.9041316594521,22.362153846823873,6.222836299327653,9.94338152775721,4.933622590760628,0.3164545487344803,3.2784276044823883,5.199750871348051,4.193440748621697,22.344712849700457,5.916747690580905,10.63740297733456,8.413027854664083,-0.2296150667937944
mccarst01w,2,IND,515.0468220167937,191.6340238618396,12.48572019591821,39.86361931835902,47.06631856953531,25.891966124119826,6.046253263224722,35.77662337437165,41.51524980248058,131.25164887502126,52.282376237695715,66.02844858375269,56.012172847125285,26.791529225570873
mccrani01w,2,WAS,824.548006248709,376.56421260172954,16.138223638762117,33.01012317210761,69.60798532856197,38.24473222500834,4.852643575310338,72.51830996035909,64.6696217803586,307.80290945545937,128.67798971190703,112.32783878074213,87.17721955682632,39.370247641960816
mccrini01w,2,LAS,391.55870051565194,83.54605375721896,11.28217252899523,24.56287633860077,54.34563403066482,24.376434215677207,8.66793574425381,40.542385765842155,34.691045527029,61.29821232571898,33.54207460417124,19.12541117075772,10.564881026498782,14.071728024655048
mcculda01w,2,IND,318.08075373478806,127.04365527432915,28.82090942811853,23.774569646725052,17.811855630145228,13.188547433071657,16.92978034570024,22.874749837458836,42.84876380631622,111.79360092410842,48.559698930355204,43.187621123827704,31.66749938946849,4.361163716140385
mcgheca01w,2,ORL,332.4092056597535,79.00693158395387,19.601722108818382,28.112273439617837,21.59902079972052,18.14791996657168,2.744076338269303,23.737661700163457,37.26873479091029,69.31753840551218,27.61704771174947,31.671641658664175,19.09145243134726,3.274430383200551
mcwilta01w,2,ORL,759.8637254815021,320.20553102993426,58.48921053267406,108.3447333862263,41.171026712627146,44.96158358917307,23.469028142830428,57.85993158288336,57.08860829521808,242.15934382642774,125.2346645888859,82.11988352041959,60.60048416144564,4.51128629925789
melvich01w,2,CLE,624.4544078710828,267.977593304758,48.58587746375542,77.92173351493899,46.30070650964509,21.52991123965091,12.868008393333316,41.432158933646726,81.10515568016467,204.12125450565475,103.130766090998,95.81593745102691,71.64014738036752,1.6834056441153287
milleco01w,2,WAS,455.5275860376847,156.06524445668012,4.971949572406558,25.995654020776204,39.19804867584471,18.999057177443746,0.5523428607177534,29.630471856551775,43.963166640621424,143.83970000998684,44.684507253776566,27.376350406410758,26.348046523424564,22.544701423563232
milleke01w,2,CHA,619.1353530309788,212.13439110989435,18.768839218580347,52.29645859950672,33.71609883944194,31.50501722062021,7.508608795246479,34.37756740376115,66.12968275734565,181.40259629344553,70.25863868400273,38.84165864523227,30.718098355679203,21.595395977332544
millsta01w,2,WAS,225.2043682993256,98.15765353733022,27.22210506069728,26.11158128924786,11.701202930655949,9.106715190882738,3.9600184015751028,28.171095586532697,53.06978301913601,78.4106435663629,36.191386662555516,40.12269319777522,27.454134707450695,1.2704796768157376
miltode01w,2,LAS,710.9613571914882,289.3420188014516,39.41325591989036,105.27930499065174,54.90768100132662,35.1758611360992,22.004567572080845,44.65498354519397,91.51989087772385,220.34381523738637,113.0331228380746,72.57274162184383,56.2949343314575,3.3251434518629175
moisead01w,2,PHO,185.63802531664328,91.11279960416962,11.520015241754528,25.504099006092623,-0.8033640690778228,5.739815268591668,6.559091690825522,13.394801814305936,36.12393334306219,90.57777316071444,39.62462446883527,14.555667486714675,13.249999699382556,7.7009650054537655
moweje01w,2,POR,293.1226461293734,128.53541445500176,22.67026203095737,38.120599400252196,5.284211163503912,1.0493303250294268,15.158833606445583,25.90786234315878,55.80233251086658,135.57612550511547,57.077796353509015,41.55589409948094,29.155252312686557,-2.0047080389115948
nagyan01w,2,NYL,545.8856121082787,130.63404085671692,15.23958446231993,43.42109289378252,70.27766173591486,17.428414664327345,4.419464151836163,34.60971284465158,52.395844459458715,125.62593889035021,51.19569471458911,31.105734210309578,22.18616686934407,15.730736101932202
ndiayas01w,2,DET,655.0329805736918,272.56903866576454,47.42854262148242,93.8445801115522,34.588707259716,21.408545103667258,17.423964954282106,48.003031943386986,68.25972407561753,260.2986996416055,127.61626232521701,40.1772190539608,23.607944039884284,2.18708809801433
nemcoev01w,2,CLE,524.9093083787975,182.28303982900403,10.9781057129383,32.00694268623919,37.230654421171366,20.72516345048915,7.151461296182427,37.43714261858921,30.001486757313543,168.41250241388798,65.48225729975663,31.15881314855282,25.411935807420694,26.775364481180166
nevescl01w,2,DET,562.664086165112,174.18073734545652,10.651583961278519,31.322655131580042,48.838839012887895,24.60702131879528,3.295132302011039,43.8577713897805,31.65411962922323,163.07755785800737,65.30657803543768,33.7738568868262,25.52868947681823,25.216915539213566
nolande01w,2,DET,579.7367426130428,223.27786887455113,16.405594267236328,46.22347536403819,34.26943053242441,30.79940237562169,6.632502594691827,33.81239376128162,60.982645344000716,165.8042517519272,69.81160871726101,40.42654863859458,40.45022391076486,17.538363541937713
nygaava01w,2,POR,680.4465770392045,205.06280989631642,36.02288826750456,58.927851298697064,31.262466717495286,17.978012662296706,4.900100398723257,33.5809917768866,73.9252490450446,171.87192591504814,79.25499701802636,48.924498059752615,37.9507239852623,21.746358793381187
pagemu01w,2,WAS,733.285772106418,211.3040587610598,55.620544454127085,100.19771824378098,49.21363210922486,16.831975938182243,22.431856960223996,41.70237437608773,73.86967271811938,152.210039075992,91.11026162367067,58.324774044578064,32.25822904040686,2.5981359431297077
palmewe01w,2,DET,716.9999208931765,352.190347590613,51.87214917404969,118.12547001793672,36.83228236761486,17.524280865018582,7.664099819542136,51.80146489824958,86.48895577955547,305.0737277759065,136.23056904620586,102.19573137509352,74.05186411407792,11.697241228226241
pavlimi01w,2,UTA,312.1245830668074,147.66557061045478,27.523270242239125,56.22529614700402,-3.0300075227853895,6.9694284726934335,13.56914189941203,25.489124435776912,57.487385084751764,161.28410006513926,66.04232399596428,27.321882390709007,17.88240604969008,2.0295799128454544
payeka01w,2,MIN,336.956914278431,62.82273450800261,8.725718163895067,28.851507816210333,36.32485371125523,9.809931929176896,6.177420966068538,25.75503797528328,42.42401723237722,58.73445434851921,21.992550211756814,16.631417614229626,13.5813757179743,9.546266092532251
penicti01w,2,SAC,739.4149133680029,162.35938804124885,10.45541011633826,57.350676911728726,190.54776274598362,57.24906967215345,4.749951600784241,49.99827359450396,60.14077172690086,157.2327935735959,54.208472022074844,78.14505042206966,44.459404670111454,11.611683246302528
pettibr01w,2,PHO,524.091322172563,167.35198845994722,19.229948332143568,40.764459420465876,44.16407182278061,25.843066956566755,4.351449857235596,35.713604023322105,51.210250338724855,147.56534915421244,50.66672831786387,49.05062852135778,36.6828908866806,15.375861761101927
phillta01w,2,NYL,734.3468562725367,331.9878361259051,61.330776636210445,121.41723656927932,24.859475426250615,46.47060879896182,15.099962292060948,61.4752209079589,82.89775191296897,281.05706867228344,128.84595840550725,92.9576987152148,63.198290698789215,2.949825255275507
powelel01w,2,ORL,209.89132008890198,60.30332141769016,12.723365801702073,25.708293142720525,31.992308426271695,8.005176569153534,2.4555442244384444,18.51688575617148,11.968664896537256,52.4173001157925,23.134263129013014,19.10761808125834,16.4522219178141,3.830960734937438
pridely01w,2,MIN,416.78326702988653,110.8759348320743,26.117687966235017,44.127751600336985,29.043660345464634,17.367914914327333,12.221467825580815,25.985126701011875,52.483341103472476,127.05406533931287,46.794760871489444,41.842069828817124,29.950761619615268,4.185227761747503
radunha01w,2,NYL,248.6486452364128,98.10029455288966,13.783847657797741,30.910376220260627,6.259001566584558,7.154096884343364,9.930192490252221,15.606995653492476,42.957251803459435,94.08714950567489,46.584675873781244,16.094674518178564,14.440897556318845,8.929989584135733
randase01w,2,SEA,213.76032968760694,100.0355113986633,2.46371771926788,17.460458648461795,25.735129941101917,7.139857958723066,2.1169010270544426,20.322180669764528,17.463093296254364,96.05577646697465,28.3338726871214,27.7321729715977,16.552559796182404,12.279708145152314
rasmukr01w,2,MIA,282.24563380795996,74.51637465221872,23.369025724185963,26.9266275165796,19.08995507219556,16.068155099083896,7.731139223916048,17.173407329532964,20.52061329617049,56.13948254013903,17.26482091137096,35.94235589092956,31.12044715686998,2.528485569591453
reddja01w,2,SEA,370.84525133171917,144.85828491045575,17.06269813383058,26.961369982169447,16.92279834735779,17.49161449581314,1.6223219194918412,30.736935752077027,45.74162029922045,120.13738669309744,48.87285002246297,36.475864395445655,25.1329977726624,15.00675710406026
reedbr01w,2,PHO,762.6499726318937,431.0813855900524,40.35839112438622,91.14925304160712,63.02271130686805,49.09767625234227,15.02671284353052,62.288731053213084,38.40837107181547,333.33310625261106,167.46505961878898,101.43787219875017,92.27660020254399,14.121312704921742
reidtr01w,2,MIA,481.1734639937222,141.36130410830415,27.401280882056998,47.72418882443653,38.9925150137724,18.135921487096386,8.174419514026537,30.30824736268749,36.76064206722109,143.00154095688143,57.464803448469226,47.64382489648124,31.141970283459443,8.674063170913037
rileyru01w,2,MIA,421.59097704689117,165.91260054496993,23.68643743081969,44.99839296932065,15.977249444174234,3.4967905685096383,19.63004885954929,30.239767301874377,64.12503554983631,137.55437862180477,68.04092765497356,52.04796340008092,34.76060888375239,-1.9711496236594375
rizzoje01w,2,CLE,407.94264192347293,106.49357993290215,11.67044995329852,29.81411129956115,38.39347885183055,12.764983339825477,1.8944042598365822,31.110629774578566,34.76524372667485,73.95530339918645,45.527246682803536,18.12822924135598,12.225766436315482,8.693986229780588
robincr01w,2,NYL,645.1826598695352,207.0144831411884,22.869905183152635,40.39089017034083,47.69113912747809,23.25601269455888,8.540512835701687,33.39625999211134,61.141443340230865,177.04766858905262,73.63937389569689,34.39232797128538,29.036789502531505,31.599680425239523
salesny01w,2,ORL,802.1559724299337,360.7361042854915,33.84710195812272,79.11623058795765,59.51208303995321,39.23010843158898,10.703114713135145,50.31054455002468,75.27155966396401,309.74039176184357,132.5196162294495,53.06679821039361,35.642312115022314,39.095894778365746
samsh01w,2,MIA,719.8726037338336,305.1221638346167,28.459478203137174,73.12198688091672,48.938443131450015,28.151851911721423,4.6527750857591625,55.37815690256201,53.684495600244496,303.00731759352584,115.31933825339337,77.33859817667508,50.12821879308375,29.111955432653087
santoal01w,2,SEA,191.90444545653827,86.41967368209254,13.4305128427708,41.99254245075269,17.172368792605738,2.2439515993622017,4.971891595163875,27.529739461565555,21.486329557088563,63.00231579714706,21.829894242953273,39.8571735377933,29.48109177831929,2.6256536834025708
santoke01w,2,DET,324.42994166247047,116.00378114837135,18.439189311779412,37.181763057820305,8.729503404789583,7.599187524497678,13.881901739964775,24.833960452897465,50.27038457946034,92.80171876830582,48.06069374561541,20.22021504825242,17.455284460110928,3.7354492774788355
sauerpa01w,2,CLE,120.70198679796846,34.74291177862375,4.0531010777635395,13.209332120556375,18.59830663341528,9.440945811181418,1.4140313009161654,8.860995394160224,6.541723565396744,19.93968489617879,18.18384604822355,27.591281578889237,15.39030845120093,2.924162607014101
saundja01w,2,PHO,276.0267082875986,135.72219666131244,14.914642027001717,32.99026526043234,24.229521990860206,20.07356414003922,7.911688681090554,22.79277990127143,35.594479649569095,133.05645361065115,53.647283644168596,19.69026403798365,16.806082261354682,11.631411687546038
saureau01w,2,WAS,287.38918094429897,135.02633075720797,15.262023192746557,48.20569192731706,7.425830011821567,6.294453271732298,18.90426396543286,32.550467490668474,45.903655719446455,132.86147385351637,52.77839331240499,43.023657088926676,37.011686270453964,7.76157679944648
schumke01w,2,IND,421.0313647759475,234.66807102739136,24.98452536099642,59.77882986458078,17.66740008650297,9.574414521161584,17.292975614989217,32.137888442619975,59.39982445873318,167.45498571320928,79.7164364458967,51.16971271082741,40.20547005779543,2.0334661265250045
schwege01w,2,MIN,553.0706873019685,212.73401536365387,18.23494401418455,52.96951218559598,32.27151623263146,26.43115678077346,6.864767530459911,35.57319295628106,56.950115594024595,204.32712477993917,76.59872651953904,33.99354161859644,27.69376735614421,19.012231575078598
scottol01w,2,IND,348.9386785411158,102.63528520933073,25.31293266055919,39.410105972436725,26.354719662292624,14.927373273879816,9.154363909288064,35.89639032141988,52.70290654184976,78.3191332029128,46.56967544619401,31.065960445431212,20.51035150588762,5.859904712407646
shakiel01w,2,HOU,86.17477179608778,51.525389099004514,8.76145089275191,8.952704958288734,12.043912535504873,5.289496457271214,0.3288698551626563,5.386567155026775,-0.9312549445666676,31.331927969302342,11.08572742457207,24.05393323613548,18.227679934604037,2.944537985626191
smithch02w,2,CHA,618.4846499841956,139.29563867377655,28.65882471891185,71.97096887737695,52.957617351014235,14.652769455225357,15.278377228139945,44.528376772007206,79.80223014488763,142.69238314095577,49.56102230103603,30.74945854120972,22.369667222771476,21.57083759619309
smithch03w,2,SEA,406.11146957971187,31.86541042364246,10.489052000605955,26.257779033495826,41.91083796707578,12.812879376209326,2.956459855908041,24.32611082323435,39.079037584921025,34.21692623637341,6.095009936966953,17.24778773695295,12.062500758576611,6.160607787456822
smithka01w,2,MIN,918.3245480524338,526.7256293042676,20.139551797044334,49.4377721581751,66.64309063642156,34.673926090759565,4.684282905336057,53.393711764189504,53.6070767070471,393.95834758834815,164.84701952245075,133.00628018236085,120.18105003578094,74.29809427918066
smithta01w,2,SAC,678.6210966793171,279.7840868696352,45.24980273881132,91.93814925380264,31.540964436628297,23.386126329637822,50.62268881588469,42.33239372173594,80.83972599864558,285.4735367579205,135.99129754250987,28.012145256282896,23.984040046799887,1.0266742389667378
spornra01w,2,DET,324.42994166247047,116.00378114837135,18.439189311779412,37.181763057820305,8.729503404789583,7.599187524497678,13.881901739964775,24.833960452897465,50.27038457946034,92.80171876830582,48.06069374561541,20.22021504825242,17.455284460110928,3.7354492774788355
stafftr01w,2,HOU,480.10933157260115,260.2454341822779,42.11587099958042,80.26725875865591,27.096748424875823,24.94595911072463,12.477078589312775,36.32689017628064,67.71754914698954,221.3288553284395,94.76349377463623,71.24150101850779,60.42272284141121,10.606344919550322
staleda01w,2,CHA,898.5875354873035,247.8783938277563,20.462896440269937,51.625596273241605,157.84705097514689,30.170712091228214,2.089345771026153,74.79754018103466,67.08875464929665,228.29087834555742,85.88469009212281,64.13747308542752,55.068345047711944,24.87877871883792
starbka01w,2,UTA,250.44448513714957,91.9930059007013,10.305663583350984,20.03079165980801,26.919069147287697,9.803393897052855,9.97010751987238,21.996753343909436,25.407151727350232,86.41356966927091,28.262449488200737,32.788699757805425,24.73387410592111,3.1710040556866987
stedika01w,2,SEA,280.47539609342033,67.12088974514695,12.869179913313454,23.082003222965668,15.856160705090943,8.513864112991131,7.965487182611113,16.488380848062125,18.19028787427255,87.35346048428124,35.1941023630054,11.364660887532793,6.7512528417776885,13.514873354943102
stepama01w,2,PHO,115.22747124719928,39.236800921468046,10.99385282642788,17.423294028068405,10.816606954810172,4.282784136384393,7.23183579376576,13.54333804484428,22.161173995025344,41.65343678583565,12.120023459067902,12.685776952737989,7.634896380687341,2.0880323219425296
stileja01w,2,POR,443.1186153878869,161.98609660524102,9.028165803549127,36.0021558919749,31.59838139392594,20.41966703803089,2.5030275982915384,27.472200156578054,43.6876167967518,170.3583219982005,55.703214884092894,24.420259834961616,21.251735567104795,23.35660532468232
stinsan01w,2,CHA,918.5899390379911,463.5852090582116,30.284163158256714,84.17671920558394,96.4970976714354,45.83678772436341,21.175521187394544,68.9886612579464,64.5710267229014,381.55682043666445,163.52466468919707,106.87199334067752,82.89207987696759,31.804146943005406
stiresh01w,2,MIN,37.30687249127709,-7.2554728842195,-0.062196348826194736,-0.966272312990597,11.528272313231504,3.296202862415683,-1.5605586776017457,4.896243186832741,5.212635143680544,12.437631969621606,-1.78701450236737,3.0612707464087947,-5.472937456836668,5.13112709793497
stockta01w,2,WAS,403.3284729382149,165.28701401069733,30.3949626896734,63.038003896186694,9.803765991408874,9.238913765212912,15.94221107455937,18.434569315351318,47.48462681067296,165.69679509336845,61.14563384563529,32.944881046295,20.95780899681972,3.3950146812231035
streiju01w,2,IND,297.1677930498098,97.27460994859126,18.556247377469667,31.77668351493101,35.762001892043074,13.472813651989838,18.40134641257483,21.88177737565004,44.00624851087137,99.54741415067289,35.69743082030956,30.458561653978364,21.30056657329842,2.9798090901129006
suttota01w,2,CHA,440.63346818403926,176.38197104431092,30.172169027966632,53.34929300006199,19.277674137819943,7.825251520847681,20.582522166970755,33.09974956171015,68.45248029693055,136.11889674757145,68.22166319894109,58.584290923329846,41.288123515476855,0.7400800705848578
taylope01w,2,CLE,368.9217383597947,122.2916415159811,23.83132481544398,45.02226348787011,11.65572117680949,9.018255300900682,19.87658766318501,29.860837539110967,55.25472596152077,94.97551557001586,49.944990667563374,24.466198989092373,18.758922013449073,3.890129211906845
thomast01w,2,POR,576.2034443032917,104.65552562504868,30.225803415054894,56.534361279865095,76.55692288155997,41.79174160332295,10.25417368160101,43.14179000709422,61.53683835674683,100.87549492355988,31.05916748719574,43.38314540230323,23.596880138754013,1.929479005155125
thompal01w,2,IND,722.8203378109299,291.55830782817526,40.59252379843555,102.02862728842922,39.27112470030874,23.566126388654315,4.335639588361963,49.74514910501466,73.91998295910577,240.41701574489946,120.40848843825705,42.50369473757205,32.92175514940421,17.63050679626149
thompti01w,2,HOU,858.5672258820694,426.68604501954525,53.08706440366854,139.4393673521994,42.3232579931894,39.046816572833436,20.253298158433704,61.73731099701341,72.11982845610692,327.85259526234574,153.0749127163491,96.55537868002298,78.90093895708901,45.85068652763307
timmsmi01w,2,PHO,135.998764535085,45.09185578141698,6.253316379200381,16.66939149051216,20.724582351046724,11.961171961785398,2.1470683095935357,14.482736123575709,17.695479407952988,48.35611803780718,14.122079689616143,12.502729094186279,8.155644088699567,3.278293686554048
torniel01w,2,DET,566.9785860757895,205.42866504835544,30.232405927914545,44.02902537939286,55.99236944603757,20.269957261240673,9.258154338091531,43.21472495598286,49.56803192460041,160.60708038629872,82.75790637516246,56.12545201796247,50.41796239262249,3.8249968690863474
torrele01w,2,MIA,226.59001614818538,156.9373100504426,23.928925384366195,39.78206941418751,5.984023496946712,7.370648512491346,15.56750092482537,22.102934075635552,50.37268012059684,130.4845757380014,56.33481334457388,30.96232744241298,24.171912386116908,0.9549197315865321
tuvicsl01w,2,PHO,185.63802531664328,91.11279960416962,11.520015241754528,25.504099006092623,-0.8033640690778228,5.739815268591668,6.559091690825522,13.394801814305936,36.12393334306219,90.57777316071444,39.62462446883527,14.555667486714675,13.249999699382556,7.7009650054537655
vangomi01w,2,MIN,232.93817453033324,97.88433333872437,5.981467316822378,18.124315546300263,15.10754407914553,8.338677627063573,4.371397409857342,24.222246908015627,27.038045268486478,66.86621209607647,38.09750919388121,34.32338794978864,21.721350903317155,3.9348192614259156
vealkr01w,2,PHO,185.63802531664328,91.11279960416962,11.520015241754528,25.504099006092623,-0.8033640690778228,5.739815268591668,6.559091690825522,13.394801814305936,36.12393334306219,90.57777316071444,39.62462446883527,14.555667486714675,13.249999699382556,7.7009650054537655
vodicka01w,2,SEA,340.84980448517365,143.01710376251026,18.563198656368286,51.50322903332957,17.74692606064506,11.207594741108485,5.84415917765245,39.02034046754652,40.8370831703205,135.7448060120395,45.712225717140946,53.155108643603455,41.62549554775364,5.027763645517733
walkede01w,2,POR,212.9410685047311,60.8600078021894,17.613938013431117,8.915212848723897,13.888169828023784,12.733675941857543,3.8043172258373392,23.695962104955456,48.4044019926185,58.43004811727721,25.085233113548135,41.3569959338374,18.857516477975405,2.1822984364230695
walsema01w,2,SAC,428.60830729758527,180.0773707793524,26.692777903382183,56.90584711270239,19.582582111609156,14.622934007182781,12.843072471272492,29.204476114588736,57.860318733267476,139.852662369289,64.36984973980405,45.71527820897602,28.548163871561865,-1.1547934906223087
washico01w,2,HOU,143.69420963430554,32.180115629322955,5.531166888779705,15.230679119866522,15.467757650510077,10.580767382149773,1.4664673068973277,11.929100917151274,9.72263538122786,36.24423840475755,9.994492131421211,19.895123771859996,13.446446817884983,1.3079737971162935
washito01w,2,WAS,44.02048662080165,9.07932730780638,3.9691814960486376,3.0918279461420113,6.593684097363312,-0.39832086402039124,-1.998212045524669,-0.3977154151537263,-2.433260119259586,19.199960890285112,1.692296314175728,5.132081733903462,5.356527196596996,2.748195892215678
wautean01w,2,CLE,458.2050868738146,151.9453681471707,38.497344340115006,60.892496841823004,31.08884016928,15.520331098677417,18.181776352035023,50.03254124718961,55.615684632124555,120.31786249442065,59.07550209664832,45.674345742100954,31.593738550611064,2.7994367167696277
weathte01w,2,NYL,873.0584128463215,154.36462345366624,15.169492596783194,79.3707802393136,165.52811139411102,55.44052757974979,4.633466082637792,69.84238605241664,71.11760065468316,129.25613048186517,54.06581929642162,68.68458311883005,47.49517464803948,7.855210717747093
whitiva01w,2,MIN,749.2300321349478,295.42508636328876,53.09742183662817,116.04532523629837,28.314022385747855,17.6417342384397,32.16358458837267,49.561128792785226,77.39794991773283,248.51841405259455,101.64702196779575,79.28014926620781,68.6592010738901,7.633194122121509
whitmta01w,2,NYL,443.83254827406336,196.0904415257689,19.522902839464262,50.111306787583956,18.05840935171069,11.370314362858602,11.705052442497589,35.50421101405498,72.6477330519547,170.4406039824035,70.8414396255138,58.52814256411624,40.461545564470505,1.6394264414783635
whittje01w,2,WAS,287.38918094429897,135.02633075720797,15.262023192746557,48.20569192731706,7.425830011821567,6.294453271732298,18.90426396543286,32.550467490668474,45.903655719446455,132.86147385351637,52.77839331240499,43.023657088926676,37.011686270453964,7.76157679944648
wickssu01w,2,NYL,476.5723872489721,96.1763418693097,31.606177422480098,65.54381306000536,17.066181127543008,19.10243136147564,29.914057412062544,33.08273025935257,54.38126028308556,92.19680047907292,34.98960326381403,38.15255517947518,31.37512933335109,3.8112951330015266
williad01w,2,PHO,218.17982631553957,52.786851737175766,11.844480270483674,25.66583869409405,13.650522202993564,9.278235484471157,1.524979977066634,18.051300060448686,23.880751420576118,41.558556488591194,17.644967908963572,27.102787955413575,13.491780544959333,0.9350319838720225
willina01w,2,UTA,785.5179979028233,428.9320651446692,92.47250249864433,146.02921939271937,44.07361614815424,27.04211196398886,12.248547204398609,58.579171987629806,92.49499229866964,280.7146056756909,132.00461678323688,151.8171335639056,134.05240476607287,4.026066286874971
williri01w,2,IND,811.3532633727152,278.8477982301456,19.749830411679213,61.67753896509688,84.93875096537818,63.534883036217565,3.015881274033285,54.08063245609741,58.7532709415634,220.3790238441369,90.07897017622751,88.48681333544563,65.1979510859292,40.047462506503585
williwe01w,2,LAS,487.2122811291855,184.99388756086884,13.463959532801551,40.56165470455361,42.68501362390786,32.28471803020524,5.380739006864041,26.18364971267176,50.62693721884836,156.0876771729058,66.37166409919082,36.640296402486136,37.66401050171044,24.860764884244418
witheso01w,2,POR,890.7289022361954,444.5491205902586,19.897736767963035,71.94591717576496,61.04049760720875,32.404667538710996,6.1933835507259225,74.09122911994368,59.128345157808404,382.38622012263687,141.59555477248122,121.12201447736486,105.01523714470588,52.05324679724314
wolteka01w,2,SAC,413.53945066951843,220.31953995267213,27.444369845962026,63.78529741789296,13.047656084300566,6.016496996176526,24.148335396722768,46.84449528418925,54.45952838480038,154.63333029991952,87.13079860028773,56.54083588488222,42.838221633827395,1.2124966652976301
wolvean01w,2,CLE,461.7539036846619,226.7125903193352,32.32683303227843,62.005207473759135,17.39924669443335,16.104880128477305,19.649901951558846,38.12358670522667,69.89316342746918,183.2269575007379,85.91730180207156,64.62933305051783,43.98545775431722,1.1275826380406873
wyckobr01w,2,ORL,323.8629216167118,183.91483639514243,21.00817497811757,47.861559236852344,11.021555888320815,15.1106329534028,11.421923938295567,25.428157696327084,50.767967790236696,169.39257791963885,76.68507842510695,30.807539164054354,26.699696099807234,4.130004097487965
wynneda01w,2,SAC,487.46434011453994,231.97873748086144,30.96054261358946,60.270529993972,15.006085336881434,12.976308871534627,13.417331938092687,28.945075352625288,57.50845966450716,172.6299490021304,73.70246548641511,46.19996888827318,35.13249918933991,6.468108274265349
youngca01w,2,POR,411.2114440919366,261.80488108820407,9.04881379106347,42.10074041836358,29.670535668037132,23.73395941351518,4.900029589923076,34.35554054308991,42.21041102564381,213.12592923758007,69.35418959788424,68.64096492913754,58.95040468840158,25.334422164156237
